Incident_ID,Incident Date,State,City Or County,Address,# Killed,# Injured,TotalVictim
50002,30-Dec-16,Ohio,Mansfield,3230 Possum Run Rd,0,5,5
50003,30-Dec-16,Connecticut,Wallingford,95 S Turnpike Rd,2,3,5
50004,28-Dec-16,Georgia,Columbus,2914 10th Street,1,4,5
50005,25-Dec-16,Illinois,Chicago,8600 block of S Maryland Ave,3,4,7
50007,25-Dec-16,New York,Mount Vernon,4 North 3rd Avenue,1,5,6
50008,24-Dec-16,North Carolina,Madison,490 K Ford Rd,0,7,7
50012,17-Dec-16,Illinois,Chicago (Roseland),100 block of W 105th St,5,0,5
50018,11-Dec-16,Florida,Orlando (Pine Hills),4305 N Pine Hills Rd,1,4,5
50019,11-Dec-16,Maryland,Baltimore,3916 South Hanover Street,0,5,5
50023,5-Dec-16,New Mexico,Albuquerque,1532 Stagecoach Lane,4,1,5
50024,3-Dec-16,California,Los Angeles,91st Street and Western Avenue,0,6,6
50025,2-Dec-16,New Jersey,Bloomfield,3 1st Ave,0,6,6
50027,30-Nov-16,Maryland,Baltimore,2901 Garrison Blvd,2,4,6
50031,27-Nov-16,Louisiana,New Orleans,100 block of Bourbon Street,1,9,10
50032,27-Nov-16,Missouri,Kansas City,Gregory and Prospect,0,7,7
50033,26-Nov-16,Illinois,Chicago,8800 block of S Exchange Ave,1,5,6
50035,24-Nov-16,Kentucky,Louisville,4501 W Broadway,2,4,6
50038,22-Nov-16,Florida,Clewiston,1068 Harlem Academy Ave,1,4,5
50040,17-Nov-16,Tennessee,Dyersburg,160 Longfellow,1,7,8
50041,13-Nov-16,Florida,Jacksonville,5105 Cleveland Rd,3,2,5
50043,13-Nov-16,California,San Diego,3800 block of Marlborough Avenue,3,2,5
50045,12-Nov-16,California,Sacramento,8600 block of Ardith Drive,1,5,6
50047,12-Nov-16,Connecticut,Bridgeport,2500 Park Avenue,0,5,5
50050,9-Nov-16,Washington,Seattle,1524 3rd Ave,0,5,5
50055,5-Nov-16,South Carolina,Myrtle Beach,803 Main St,0,5,5
50056,5-Nov-16,California,Oakland,420 14th Street,0,8,8
50057,5-Nov-16,Illinois,Chicago,4800 block of North Winthrop,0,5,5
50061,2-Nov-16,Arkansas,Little Rock,2111 Bragg Street,1,4,5
50062,1-Nov-16,Tennessee,Memphis,5200 block of Zodiac Rd,1,5,6
50065,30-Oct-16,Maryland,Capitol Heights,6862 Walker Mill Rd,3,3,6
50067,30-Oct-16,New York,Newburgh,119 First Street,2,5,7
50068,30-Oct-16,Texas,San Antonio,2900 block of Aspen Meadow,0,5,5
50070,29-Oct-16,California,Los Angeles,1600 block of Century Boulevard,0,5,5
50072,28-Oct-16,Mississippi,Jackson,200 block of Lorenz Blvd,0,6,6
50076,25-Oct-16,Virginia,Roanoke,830 Campbell Avenue Southeast,2,3,5
50077,23-Oct-16,Oklahoma,Wellston,Highway 66 and N 3310 Rd,1,5,6
50078,22-Oct-16,California,Oakland,77th and Bancroft Avenues,0,7,7
50080,17-Oct-16,Illinois,Chicago (Englewood),6700 block of South Winchester,1,4,5
50081,15-Oct-16,Alabama,Mobile,1800 block of St Stephens Road,0,5,5
50082,15-Oct-16,Illinois,Rockford,7801 East State St,1,5,6
50083,15-Oct-16,California,Los Angeles,2918 Rimpau Blvd,4,11,15
50084,14-Oct-16,Illinois,Chicago,3300 block of W Maypole Ave,1,6,7
50086,9-Oct-16,Michigan,Grand Rapids,1850 28th Street SE,1,8,9
50089,4-Oct-16,Louisiana,New Orleans,3727 Ulloa Street,3,2,5
50091,2-Oct-16,Texas,San Antonio,2600 South Flores Street,1,4,5
50097,26-Sep-16,Texas,Houston,5450 Weslayan St,1,6,7
50099,24-Sep-16,Maryland,Baltimore,Greenmount Ave and Preston St,0,8,8
50100,23-Sep-16,Washington,Burlington,201 Cascade Mall Dr,5,0,5
50104,17-Sep-16,Florida,Miami,20582 SW 119th Ave,0,6,6
50105,17-Sep-16,Florida,Orlando,3918 Columbia St,1,6,7
50107,17-Sep-16,District of Columbia,Washington,2600 block of Birney Place SE,2,7,9
50109,16-Sep-16,Pennsylvania,Philadelphia,5100 block of Sansom St,2,5,7
50111,13-Sep-16,Indiana,Fort Wayne,1723 E Wayne St,3,2,5
50112,11-Sep-16,Louisiana,New Orleans,2349 S Claiborne Ave,1,5,6
50113,11-Sep-16,Missouri,Kansas City,500 block of Westport Rd,0,6,6
50114,11-Sep-16,Michigan,Saginaw,2207 Pierce Road,0,5,5
50115,11-Sep-16,North Carolina,New Bern,1100 block of Highway 70,0,5,5
50120,8-Sep-16,Arkansas,Hot Springs National Park (Hot Springs),300 block of Lacey St,1,4,5
50121,5-Sep-16,Illinois,Chicago,2700 block of W Lexington Ave,2,3,5
50123,4-Sep-16,Virginia,Roanoke,1020 Orange Ave NE,1,10,11
50128,29-Aug-16,New Jersey,Egg Harbor City,907 White Horse Pike,1,5,6
50129,28-Aug-16,Texas,Lubbock,2200 block of 17th St,0,6,6
50132,28-Aug-16,Alabama,Dadeville,512 E Columbus St,0,5,5
50133,27-Aug-16,Alabama,Bessemer (Brighton),3810 7th Ave,1,6,7
50134,27-Aug-16,Florida,Miami,1900 block of NW 83rd Terr,2,4,6
50135,25-Aug-16,New Jersey,Bridgeton,Marion Street,0,5,5
50137,21-Aug-16,Connecticut,Bridgeport,19 Plymouth St,0,13,13
50139,20-Aug-16,Washington,Tacoma,900 block of Pacific Avenue,0,5,5
50140,20-Aug-16,Alabama,Citronelle,Jim Platt Road,5,0,5
50144,14-Aug-16,Minnesota,Minneapolis,1717 Plymouth Ave N,0,5,5
50154,8-Aug-16,Florida,Jacksonville,1214 Labelle St,0,7,7
50160,6-Aug-16,Pennsylvania,Reading (Sinking Spring),51 Winding Brook Drive,5,0,5
50168,31-Jul-16,Texas,Austin,208 E 6th St,1,4,5
50169,30-Jul-16,Missouri,Saint Louis,5000 block of Kensington Ave,0,5,5
50171,30-Jul-16,Georgia,Townsend (Eulonia),14699 Highway 17,0,5,5
50172,29-Jul-16,Georgia,Athens,Trail Creek St,0,7,7
50173,28-Jul-16,New York,Elmira,303 College Ave,0,5,5
50176,25-Jul-16,Florida,Fort Myers,3580 Evans Ave,2,19,21
50177,24-Jul-16,Ohio,Hamilton,1555 Main St,1,7,8
50181,23-Jul-16,Texas,Bastrop,202 Childers Drive,4,1,5
50182,22-Jul-16,Illinois,Kankakee,300 block of North Wildwood Avenue,0,5,5
50183,21-Jul-16,Illinois,Chicago,4400 block of South Leamington,0,5,5
50188,17-Jul-16,Louisiana,Baton Rouge,9611 Airline Hwy,4,3,7
50189,16-Jul-16,Texas,Dallas,6300 block of Benavides Drive,0,5,5
50190,16-Jul-16,Ohio,Cleveland,5000 block of Euclid Avenue,0,5,5
50191,16-Jul-16,California,Bakersfield,621 Stephens Dr,1,14,15
50193,16-Jul-16,Tennessee,Clarksville,1348 College Street,0,6,6
50198,13-Jul-16,Georgia,Warner Robins,105 Magnolia Avenue,0,5,5
50200,11-Jul-16,Maryland,Baltimore,1800 block of W. North Avenue,0,5,5
50203,11-Jul-16,Michigan,Saint Joseph,811 Port St,3,2,5
50205,7-Jul-16,Texas,Dallas,800 Main St,5,9,14
50206,7-Jul-16,Tennessee,Bristol,536 Volunteer Pkwy,1,4,5
50208,4-Jul-16,New York,Brooklyn,419 Chauncey St,0,7,7
50209,4-Jul-16,Texas,Houston,1312 Robin,3,2,5
50213,4-Jul-16,Arizona,Phoenix,4000 block of West Southern Avenue,2,6,8
50214,3-Jul-16,Louisiana,Monroe,401 Lea Joyner Memorial Expy,2,3,5
50216,30-Jun-16,Illinois,Chicago,9500 block of South Loomis Street,1,4,5
50217,29-Jun-16,Nevada,Las Vegas,6100 block of West Lake Mead Boulevard,5,0,5
50222,26-Jun-16,North Carolina,Charlotte,2240 Camp Greene St,0,5,5
50223,26-Jun-16,Georgia,Atlanta,1500 block of Moreland Avenue SE,1,4,5
50226,25-Jun-16,Texas,Fort Worth,2466 East Lancaster Avenue,2,5,7
50230,24-Jun-16,Connecticut,Hartford,Brook and Winter Street,0,5,5
50231,24-Jun-16,Maryland,District Heights,3100 block of Orleans Ave,3,2,5
50233,22-Jun-16,Georgia,Dekalb (county),Lancashire Drive and Central Drive,1,4,5
50244,13-Jun-16,New York,Brooklyn,Avenue D and E. 57th,0,5,5
50245,13-Jun-16,Illinois,Chicago,3200 block of West Congress,0,5,5
50246,12-Jun-16,Florida,Orlando,1912 S Orange Ave,50,53,103
50247,11-Jun-16,New Mexico,Roswell,2300 block of Davis Ave,5,0,5
50251,11-Jun-16,California,Panorama City,8500 block of Cedros Avenue,3,2,5
50257,5-Jun-16,Florida,Cape Coral,2600 block of Skyline Boulevard S,3,3,6
50258,5-Jun-16,Arizona,Phoenix,8152 N Black Canyon Hwy,2,4,6
50263,30-May-16,Maryland,Baltimore,500 block of East 43rd Street,0,5,5
50264,30-May-16,California,Sacramento,3900 block of 44th,0,5,5
50266,29-May-16,New Jersey,Trenton,600 block of Martin Luther King Jr. Boulevard,0,6,6
50268,29-May-16,Texas,Houston,13210 Memorial Dr,2,6,8
50269,23-May-16,New Jersey,Newark,102 Isabella Avenue,0,5,5
50276,15-May-16,Georgia,Moultrie,Rossman Dairy Road,5,0,5
50278,14-May-16,Georgia,Atlanta,Cordova and Peoples Street,0,5,5
50280,11-May-16,Alabama,Birmingham,1400 block of 21st St N,1,4,5
50281,11-May-16,Illinois,Chicago,7100 block of South State Street,0,5,5
50283,6-May-16,Michigan,Detroit,12300 block of Gratiot,1,4,5
50285,6-May-16,Maryland,Bethesda,7101 Democracy Blvd,3,3,6
50286,5-May-16,Louisiana,Shreveport,300 block of North Thomas Drive,2,6,8
50288,4-May-16,Minnesota,Minneapolis,16th Avenue North and Newton Avenue North,1,7,8
50289,1-May-16,Tennessee,Murfreesboro,1955 Old Castle Drive,0,5,5
50291,29-Apr-16,California,Oakland,3200 block of San Pablo Avenue,0,5,5
50294,26-Apr-16,Maryland,District Heights (Forestville),6500 block of Hil-Mar Drive,1,4,5
50296,25-Apr-16,Florida,Miami,1506 Northwest 70th Street,0,5,5
50297,24-Apr-16,Virginia,Halifax,1055 L P Bailey Memorial Hwy,0,5,5
50298,24-Apr-16,Illinois,Chicago (Englewood),2000 block of West 68th Place,2,3,5
50303,23-Apr-16,Kansas,Topeka,3732 SW Topeka Blvd,1,4,5
50304,22-Apr-16,Ohio,Piketon,4077 Union Hill Rd,8,0,8
50305,22-Apr-16,Georgia,Appling,3162 Johnson Drive,6,0,6
50307,19-Apr-16,Alabama,Blountsville,81551 US Highway 278,1,4,5
50309,19-Apr-16,Illinois,Chicago,1400 block of West 84th Street,1,4,5
50313,17-Apr-16,Texas,Edinburg,5021 W St Hwy 107,1,6,7
50314,16-Apr-16,Michigan,Detroit,9500 block of Oakland,1,4,5
50315,16-Apr-16,Florida,Orlando,1100 block of Conley Street,2,4,6
50327,19-Mar-16,Florida,Plantation,12050 NW 4th Court,1,4,5
50329,15-Mar-16,Georgia,Atlanta,Donald Lee Hollowell Drive,0,5,5
50334,11-Mar-16,New Jersey,Trenton,Oliver Avenue,0,5,5
50335,9-Mar-16,Pennsylvania,Pittsburgh,1304 Franklin Ave,5,3,8
50336,8-Mar-16,Texas,San Antonio,Sherman St,2,3,5
50338,7-Mar-16,Kansas,Kansas City,3000 block of South 36th Street,5,0,5
50339,6-Mar-16,Massachusetts,Chelsea,120 Washington Avenue,1,6,7
50341,6-Mar-16,California,Compton,900 block of West Victoria Street,1,8,9
50344,28-Feb-16,Michigan,Detroit,8800 block of Livernois,0,5,5
50347,26-Feb-16,Washington,Belfair,300 block of Horseshoe Rd.,5,0,5
50348,25-Feb-16,Kansas,Hesston,200 S Ridge Rd,4,14,18
50349,23-Feb-16,Arizona,Glendale,4812 West Sunnyside Ave,5,0,5
50351,21-Feb-16,Texas,Houston,5100 block of Idaho Street,0,5,5
50354,20-Feb-16,Michigan,Kalamazoo,5581 Cracker Barrel Blvd,6,2,8
50357,20-Feb-16,Mississippi,Iuka,231 Co Rd 201,2,3,5
50361,14-Feb-16,Alabama,Eutaw (Union),Earnest Friday Road,0,5,5
50363,7-Feb-16,Mississippi,Pass Christian,Davis Avenue,2,4,6
50364,7-Feb-16,Florida,Orlando,7432 Universal Blvd,2,10,12
50365,7-Feb-16,New York,Rochester,547 State St,1,7,8
50369,6-Feb-16,Florida,Tampa,8123 N Nebraska Ave,2,6,8
50371,30-Jan-16,Arizona,Glendale,67th and Missouri Avenue,3,5,8
50372,27-Jan-16,Virginia,Chesapeake,1401 N. George Washington Hwy,6,0,6
50373,26-Jan-16,Washington,Seattle,Airport Way S. and S. Atlantic St.,2,3,5
50374,25-Jan-16,California,Perris,140 S. D Street,1,4,5
50377,11-Jan-16,Delaware,Wilmington,900 block of Brown Street,1,4,5
50379,8-Jan-16,Illinois,Chicago,1500 block of South Kedzie,1,4,5
60000,31-Dec-17,Colorado,Littleton (Highlands Ranch),3404 E County Line Rd,2,6,8
60004,26-Dec-17,Florida,Miami,NW 18th Ave and 86th Ter,0,5,5
60005,24-Dec-17,Mississippi,Vicksburg,1111 Mulberry Street,0,5,5
60006,24-Dec-17,Alabama,Troy,100 block of Chapman St,1,4,5
60012,15-Dec-17,California,Pacoima,13041 Jouett Street,0,5,5
60021,30-Nov-17,Michigan,Detroit,11000 block of Gunston,1,4,5
60022,24-Nov-17,Mississippi,Brookhaven,119 Martin Street,1,6,7
60023,24-Nov-17,Ohio,Cleveland,11618 Buckeye Rd,1,5,6
60026,16-Nov-17,Georgia,Columbus,1400 block of 15th Street,0,7,7
60027,14-Nov-17,California,Corning,17357 Stagecoach Rd,6,12,18
60029,12-Nov-17,Indiana,Gary,4601 Melton Rd,0,7,7
60030,12-Nov-17,California,Fresno,S Calvin Ave,0,5,5
60033,11-Nov-17,Louisiana,New Orleans,Forstall Street and Burgundy Street,1,5,6
60034,11-Nov-17,North Carolina,Fayetteville,2835 Bragg Blvd,1,5,6
60037,5-Nov-17,Texas,Sutherland Springs,216 4th St,27,20,47
60044,3-Nov-17,Louisiana,Lacombe,27600 block of Mirmar Street,1,4,5
60048,27-Oct-17,Kentucky,Louisville,1716 Prentice St,0,6,6
60050,23-Oct-17,California,Clearlake Oaks,13000 block of Anchor Village,2,3,5
60052,22-Oct-17,Alabama,Lanett,1606 19th St Sw,2,7,9
60057,18-Oct-17,Maryland,Edgewood,2111 Emmorton Park Rd,3,3,6
60065,9-Oct-17,Texas,Houston,3352 Old Spanish Trail,0,5,5
60067,6-Oct-17,Illinois,Chicago,8000 block of S Marshfield,0,5,5
60070,1-Oct-17,Kansas,Lawrence,1000 block of Massachusetts St,3,2,5
60071,1-Oct-17,Nevada,Las Vegas,3950 Las Vegas Blvd S,59,441,500
60078,24-Sep-17,Tennessee,Antioch,3890 Pin Hook Rd,1,8,9
60081,23-Sep-17,California,Bakersfield,818 Real Rd,1,4,5
60082,23-Sep-17,Illinois,Danville,Seminary St and Jackson St,0,5,5
60084,20-Sep-17,Indiana,Gary,4300 block of 23rd Ct,0,5,5
60086,17-Sep-17,Virginia,Petersburg,300 Mistletoe St,1,4,5
60087,16-Sep-17,South Carolina,Columbia,920 Lady Street,0,8,8
60088,13-Sep-17,Tennessee,Memphis,1000 block of Morehead St,1,5,6
60092,10-Sep-17,Texas,Plano,1712 West Spring Creek Parkway,9,1,10
60097,3-Sep-17,California,Inglewood,10100 block of S Firmona Ave,2,3,5
60100,28-Aug-17,New Mexico,Clovis,701 N Main St,2,4,6
60101,27-Aug-17,California,Sacramento,7760 24th St,1,4,5
60112,20-Aug-17,Illinois,Chicago,11901 S Loomis St,2,5,7
60113,19-Aug-17,Ohio,Cleveland,11143 Superior Ave,1,4,5
60116,13-Aug-17,Pennsylvania,Philadelphia,39th St and Melon St,0,5,5
60120,8-Aug-17,Illinois,Chicago,1 block of East 37th St,1,6,7
60121,6-Aug-17,New York,Bronx,Wickham Ave,0,6,6
60123,6-Aug-17,California,Oakland,1000 block of 106th Avenue,0,7,7
60127,4-Aug-17,Montana,Lodge Grass,200 block of North Helen Street,3,2,5
60131,1-Aug-17,Washington,Toppenish,8000 Block of Lateral C Rd,0,6,6
60132,1-Aug-17,California,Fresno,Mariposa St and A St,0,7,7
60134,30-Jul-17,Virginia,Norfolk,1500 block of Azalea Garden Rd,1,5,6
60136,29-Jul-17,New York,Buffalo,200 block of Carl St,1,4,5
60137,29-Jul-17,North Carolina,Salisbury,115 W Fisher St,2,3,5
60139,27-Jul-17,Illinois,Chicago,2000 block of E 71st St,1,4,5
60140,26-Jul-17,North Carolina,High Point,2111 E. Green Drive,1,6,7
60144,22-Jul-17,Ohio,Cincinnati,130 E Clifton Ave,0,5,5
60145,19-Jul-17,Virginia,Richmond,2300 block of Bethel St,0,5,5
60152,9-Jul-17,Virginia,Lawrenceville,500 block of Sturgeon Rd,0,7,7
60154,8-Jul-17,Ohio,Cincinnati,9917 Capstan Dr,1,8,9
60158,5-Jul-17,Maine,Madison,300 block of Russell Rd,4,1,5
60160,4-Jul-17,Virginia,Hampton,500 block of Patterson Ave,1,4,5
60166,1-Jul-17,Arkansas,Little Rock,220 W 6th St,0,25,25
60170,30-Jun-17,New York,Bronx,1650 Grand Concourse,2,6,8
60171,27-Jun-17,Illinois,Chicago,200 block of S Lotus,0,5,5
60174,24-Jun-17,Florida,Fort Lauderdale,2335 NW 16th Ct,1,4,5
60175,24-Jun-17,New York,New York (Manhattan),114th St and Manhattan Ave,0,5,5
60177,22-Jun-17,Georgia,Atlanta,1100 block of Osborne Street,1,6,7
60178,18-Jun-17,Missouri,Saint Louis,1900 block of N 14th St,3,2,5
60181,18-Jun-17,South Carolina,Myrtle Beach,311 N Ocean Blvd,0,7,7
60183,17-Jun-17,Ohio,Columbus,6252 Busch Blvd,1,4,5
60185,15-Jun-17,New Mexico,La Madera,491 NM 111,5,0,5
60186,14-Jun-17,Virginia,Alexandria,420 E Monroe Ave,1,5,6
60188,14-Jun-17,California,San Francisco,720 San Bruno,4,2,6
60192,11-Jun-17,Illinois,Chicago,3300 block of W Douglas Blvd,0,9,9
60196,9-Jun-17,Texas,Fort Worth,East Davis Avenue and New York Avenue,2,5,7
60197,8-Jun-17,Louisiana,New Orleans,3650 Franklin Ave,0,6,6
60198,6-Jun-17,Utah,Sandy,2232 Alta Canyon Drive,3,2,5
60199,5-Jun-17,Florida,Orlando,2427 Forsyth Rd,6,0,6
60201,3-Jun-17,Louisiana,New Orleans,3717 Tulane Ave,3,2,5
60203,2-Jun-17,Texas,Laredo,5301 McPherson Rd,2,3,5
60207,28-May-17,Alabama,Phenix City,100 block of 6th Street South,0,12,12
60208,28-May-17,New Jersey,Paterson,86 Main Street,1,5,6
60209,28-May-17,Mississippi,Moss Point,6103 Hwy. 63,0,5,5
60211,27-May-17,District of Columbia,Washington,100 block of Q St NW,1,7,8
60212,27-May-17,Mississippi,Bogue Chitto,2871 Lee Dr,8,1,9
60216,20-May-17,Pennsylvania,Philadelphia,2100 block of W Huntingdon St,0,10,10
60218,14-May-17,Arkansas,Jonesboro,311 S Main St,1,6,7
60219,14-May-17,Illinois,Dolton,14112 Chicago Road,0,5,5
60220,14-May-17,Florida,Avon Park,Hal McRae Blvd and Delaney Ave,0,5,5
60224,7-May-17,Illinois,Chicago,2600 block of 46th Pl,2,8,10
60227,1-May-17,Texas,Dallas,3200 block of Reynolds Ave,2,3,5
60228,30-Apr-17,California,San Diego,9080 Judicial Dr,2,6,8
60229,30-Apr-17,Kansas,Topeka,4104 SW 28th,4,1,5
60230,30-Apr-17,Florida,Jacksonville,1200 Ken Knight Dr N,0,5,5
60231,30-Apr-17,South Carolina,Loris,268 N Sea Green Rd,1,5,6
60233,29-Apr-17,California,Sacramento,3800 block of 26th Avenue,0,5,5
60234,29-Apr-17,California,Whittier,10000 block of Carmentia Rd,1,5,6
60245,16-Apr-17,Ohio,Columbus,1710 Cleveland Av,0,9,9
60249,15-Apr-17,Alabama,Birmingham,1480 Center Point Pkwy,0,6,6
60256,7-Apr-17,Texas,Houston,3829 Mount Pleasant St,5,0,5
60257,7-Apr-17,Minnesota,Saint Paul,1600 block of English St,4,1,5
60258,7-Apr-17,Illinois,Chicago,5600 block of W Lake St,1,5,6
60261,3-Apr-17,Texas,Lubbock,5401 Ave Q,0,7,7
60262,2-Apr-17,Illinois,Chicago,3500 block of W Van Buren St,2,4,6
60263,2-Apr-17,Iowa,Des Moines,2500 Martin Luther King Jr. Parkway,0,5,5
60264,1-Apr-17,California,Pittsburg,100 block of Madoline Street,0,5,5
60265,1-Apr-17,Florida,Tampa,219 S Howard Ave,1,4,5
60266,1-Apr-17,Oklahoma,Oklahoma City,1200 block of N Woodward Avenue,2,3,5
60268,27-Mar-17,Florida,Sanford,209 Hays Dr,2,4,6
60270,26-Mar-17,Texas,Houston,5619 Aldine Bender Rd,2,4,6
60271,26-Mar-17,Ohio,Cincinnati,4601 Kellogg Ave,2,15,17
60272,25-Mar-17,Tennessee,Knoxville,Minnesota Ave,1,4,5
60275,24-Mar-17,California,Fresno,300 block of South Villa Avenue,1,4,5
60276,24-Mar-17,Missouri,Saint Louis,5100 block of Palm St,1,6,7
60277,22-Mar-17,Wisconsin,Rothschild,1133 E Grand Ave,5,0,5
60278,19-Mar-17,Kentucky,Louisville,1512 Portland Avenue,1,5,6
60279,18-Mar-17,Michigan,Detroit,16000 block of Rutherford,3,2,5
60285,4-Mar-17,Kansas,Topeka,23rd and Bellview,1,4,5
60288,3-Mar-17,California,Riverside,8300 block of Trey Ave,0,5,5
60289,28-Feb-17,Ohio,Cincinnati,1700 of Casey Dr,0,6,6
60291,26-Feb-17,Indiana,Gary,1700 Grant St,1,4,5
60292,25-Feb-17,Ohio,Warren,1564 Niles Cortland Rd SE,2,3,5
60293,25-Feb-17,Florida,Jacksonville,3604 Moncrief Rd,1,4,5
60297,20-Feb-17,Ohio,Cleveland,1082 East 105th Street,0,5,5
60302,15-Feb-17,Illinois,Chicago,3949 South Albany Avenue,3,2,5
60303,12-Feb-17,Missouri,Caruthersville,908 Truman Blvd,1,6,7
60305,12-Feb-17,Florida,Greenville,Church Ave and Obadiah St,0,5,5
60308,10-Feb-17,Louisiana,New Orleans,2nd St and Dryades St,1,5,6
60310,8-Feb-17,Ohio,Cleveland,16379 Euclid Ave,1,4,5
60312,7-Feb-17,Arkansas,Little Rock,25 Par Drive,1,4,5
60317,29-Jan-17,Louisiana,Shreveport,6363 Hearne Ave,1,4,5
60319,27-Jan-17,Tennessee,Brownsville,221 Morgan St,0,10,10
60320,26-Jan-17,Georgia,Albany,1510 Maryland Drive,2,3,5
60321,25-Jan-17,Illinois,Chicago,500 block of E 75th St,0,6,6
60322,22-Jan-17,Texas,Manvel,200 block of Oak Shore Dr,3,2,5
60325,21-Jan-17,Georgia,Jonesboro,6510 Tara Blvd,0,6,6
60326,21-Jan-17,Florida,Boynton Beach,500 NE 2nd St,0,5,5
60328,20-Jan-17,Mississippi,Como,Smart Road,1,4,5
60331,16-Jan-17,Florida,Miami,6011 NW 32nd Ave,0,8,8
60333,15-Jan-17,Mississippi,Magnolia,6000 block of Church Road,1,4,5
60334,12-Jan-17,Missouri,Kansas City,8607 E 61st Terrace,3,2,5
60340,6-Jan-17,Florida,Fort Lauderdale,100 Terminal Dr,5,6,11
60343,1-Jan-17,Mississippi,Winstonville,114 North Greyer Street,0,5,5
60345,1-Jan-17,Florida,Miami,8000 block of NW 14th Ave,0,7,7
70000,31-Dec-18,Ohio,Cleveland,4462 Denison Ave,3,2,5
70002,28-Dec-18,Missouri,Saint Charles,150 Whetstone Dr,4,1,5
70004,23-Dec-18,Missouri,Springfield,1042 W College St,1,6,7
70006,18-Dec-18,Maryland,Baltimore,3942 Park Heights Ave,0,5,5
70007,15-Dec-18,Florida,Miami,239 NW 16th St,0,5,5
70012,8-Dec-18,California,Inglewood,801 S Inglewood Ave,0,5,5
70013,8-Dec-18,New York,Corona (Queens),89-25 130th St,0,5,5
70014,1-Dec-18,Florida,Miami,NW Fifth Ave and NW Eighth St,0,5,5
70019,23-Nov-18,Florida,Miami,5801 NW 27th Ave,2,5,7
70020,22-Nov-18,Indiana,Fort Wayne,6100 block of Downingtown Dr,3,2,5
70022,19-Nov-18,Colorado,Denver,1200 21st Street,1,4,5
70024,18-Nov-18,California,Los Angeles (Watts),95th St and Defiance Ave,1,4,5
70027,13-Nov-18,New Mexico,Gallup,CR 1 and Defiance Draw Rd,4,1,5
70030,7-Nov-18,California,Thousand Oaks,99 Rolling Oaks Dr,13,2,15
70031,3-Nov-18,New York,Watertown,136 Franklin St,0,5,5
70033,2-Nov-18,Florida,Tallahassee,1950 Thomasville Rd,3,4,7
70034,1-Nov-18,Minnesota,Minneapolis,3400 block of Girard Ave N,0,5,5
70035,1-Nov-18,Missouri,Springfield,906 E Locust St,3,2,5
70037,30-Oct-18,California,Vallejo,Woodrow Ave and Reis Ave,2,3,5
70038,30-Oct-18,California,Los Angeles,65th Place and Vermont Avenue,0,5,5
70039,29-Oct-18,California,Riverside,3252 Mission Inn Ave,0,7,7
70041,27-Oct-18,Tennessee,Memphis,4275 Lady Slipper Ln,0,5,5
70042,27-Oct-18,Pennsylvania,Pittsburgh,5898 Wilkins Ave,11,7,18
70044,24-Oct-18,Illinois,Chicago,6200 block of S King Dr,0,5,5
70045,22-Oct-18,Illinois,Chicago,9231 S Cottage Grove Av,0,6,6
70046,21-Oct-18,Florida,Jacksonville,900 block of A Philip Randolph Blvd,1,5,6
70049,15-Oct-18,Tennessee,Columbia,1075 Carters Creek Pike,5,0,5
70053,13-Oct-18,Texas,Taft,511 Wilburn St,4,1,5
70055,12-Oct-18,South Carolina,Spartanburg,1620 John B White Sr Blvd,0,6,6
70060,6-Oct-18,California,Oakland,Williams St and Telegraph Ave,0,6,6
70063,3-Oct-18,South Carolina,Florence,932 Ashton Dr,2,6,8
70064,3-Oct-18,Pennsylvania,Philadelphia,5101 Germantown Ave,1,4,5
70067,29-Sep-18,Florida,Orlando,1700 block of 24th St,1,4,5
70069,24-Sep-18,Tennessee,Memphis,1528 Ragan St,3,2,5
70070,23-Sep-18,California,Bakersfield,2600 block of Chandler Court,1,4,5
70074,20-Sep-18,Maryland,Aberdeen,1501 Perryman Rd,4,3,7
70075,20-Sep-18,New York,Syracuse,1317 Midland Ave,0,5,5
70076,19-Sep-18,Wisconsin,Middleton,1850 Deming Way,1,4,5
70077,19-Sep-18,Pennsylvania,Masontown,1 E Church St,1,4,5
70081,17-Sep-18,Maryland,Silver Spring,123 Amberleigh Dr,4,1,5
70083,12-Sep-18,California,Bakersfield,660 Manwell Blvd,6,0,6
70085,10-Sep-18,Tennessee,Memphis,140 Lt George W Lee Ave,0,5,5
70086,9-Sep-18,Alabama,Auburn,224 W Magnolia St,1,4,5
70090,6-Sep-18,Ohio,Cincinnati,511 Walnut St,4,2,6
70094,2-Sep-18,Alabama,Birmingham,500 23rd St S,0,7,7
70096,2-Sep-18,California,San Bernardino,1277 East Lynwood Drive,0,8,8
70099,1-Sep-18,Ohio,Cleveland,3232 Lakeside Ave East,1,7,8
70100,31-Aug-18,Colorado,Aurora,1900 block of Peoria St,2,3,5
70102,26-Aug-18,Texas,Wichita Falls,2400 Sheppard Access Rd,1,4,5
70103,26-Aug-18,Florida,Jacksonville,2 Independent Dr,3,9,12
70104,25-Aug-18,Virginia,Richmond,4 N 18th St,0,5,5
70105,25-Aug-18,Tennessee,Nashville,1564 9th Ave N,1,4,5
70110,20-Aug-18,Tennessee,Jackson,60 Heritage Square,1,4,5
70112,19-Aug-18,Illinois,Chicago,7400 block of S Dante Ave,0,5,5
70114,17-Aug-18,Illinois,Chicago,1600 block of W 65th St,0,7,7
70115,15-Aug-18,South Carolina,Greenwood,104 Mimosa Ct,0,5,5
70116,14-Aug-18,Pennsylvania,Wyncote,1000 S Easton Rd,0,5,5
70117,12-Aug-18,California,Clearlake,4786 Yarrington Ct,4,1,5
70120,11-Aug-18,California,San Francisco,Geneva St and Mission St,1,4,5
70125,8-Aug-18,Pennsylvania,Philadelphia,North 12th Street and West Huntingdon Street,2,4,6
70126,5-Aug-18,Illinois,Chicago,1300 block of S Millard Ave,1,5,6
70127,5-Aug-18,Illinois,Chicago,1300 block of W 76th St,0,8,8
70128,5-Aug-18,Illinois,Chicago,1 block of N Leclaire Ave,1,4,5
70131,4-Aug-18,Nevada,Las Vegas,3400 block of Coran Ln,0,6,6
70132,4-Aug-18,Missouri,Kansas City,E 18th St and Highland Ave,0,6,6
70135,31-Jul-18,California,Gardena,1212 West 135th Street,2,3,5
70139,29-Jul-18,Arizona,Phoenix,2501 E Van Buren St,1,4,5
70141,28-Jul-18,Louisiana,New Orleans,3400 S Claiborne Ave,3,7,10
70142,28-Jul-18,California,Los Angeles,8801 S Vermont Ave,2,4,6
70143,27-Jul-18,Texas,Robstown,603 East Ave J,5,0,5
70145,26-Jul-18,Ohio,Cleveland,18416 St Clair Ave,1,6,7
70147,26-Jul-18,Texas,Dallas,3019 South Blvd,0,6,6
70149,23-Jul-18,Illinois,Chicago,6400 block of S May St,0,5,5
70151,21-Jul-18,Illinois,Chicago,3100 block of W Fulton St,2,5,7
70152,20-Jul-18,Washington,Sunnyside,500 block of S 15th St,1,4,5
70155,16-Jul-18,District of Columbia,Washington,300 block of 53rd St NE,1,4,5
70156,16-Jul-18,Florida,Palm Beach Gardens (Riviera Beach),2100 block of W 28th St,2,4,6
70157,16-Jul-18,Pennsylvania,Philadelphia,2100 block of N 4th St,1,4,5
70159,15-Jul-18,Tennessee,Chattanooga,1400 Cowart St,0,5,5
70162,12-Jul-18,Tennessee,Memphis,3678 Powers Rd,0,5,5
70165,9-Jul-18,Delaware,Wilmington,2709 Ferris Rd,5,0,5
70166,9-Jul-18,Florida,Orlando,Southland Blvd and Orange Blossom Trail,1,4,5
70167,8-Jul-18,Alabama,Brandon,565 US-80,0,6,6
70169,7-Jul-18,Alabama,Wetumpka,135 Granite Way,3,2,5
70172,5-Jul-18,California,Los Angeles,1600 block of W. 2nd Street,3,3,6
70173,5-Jul-18,Virginia,Virginia Beach,1800 block of Atlantic Ave,0,6,6
70174,5-Jul-18,Ohio,Lima,1440 Bellefontaine Ave,1,5,6
70176,3-Jul-18,Missouri,Saint Louis,1700 block of Billups Ave,1,5,6
70179,1-Jul-18,Illinois,Chicago,3400 block of W Walnut Ave,0,6,6
70180,30-Jun-18,Georgia,Ashburn,800 Block of W. Washington,1,6,7
70181,30-Jun-18,Maryland,Baltimore,4000 block of Penhurst Ave,0,6,6
70182,30-Jun-18,New Jersey,Jersey City,Lexington Ave and John F Kennedy Blvd,0,5,5
70183,28-Jun-18,Maryland,Annapolis,888 Bestgate Rd,5,0,5
70187,25-Jun-18,Illinois,Chicago,3900 block of S Vincennes Ave,0,6,6
70188,24-Jun-18,North Carolina,Sanford,109 S Steele St,1,6,7
70193,24-Jun-18,Ohio,Sandusky,1504 Milan Rd,0,5,5
70195,23-Jun-18,Illinois,Chicago,100 block of East 51st St,1,4,5
70201,20-Jun-18,California,Modesto,2300 block of West Hatch Road,0,5,5
70204,18-Jun-18,Illinois,Chicago,1300 block of S Loomis St,2,3,5
70206,17-Jun-18,New Jersey,Trenton,635 S Clinton Ave,1,19,20
70210,14-Jun-18,California,Union City,32992 Mission Blvd,0,5,5
70211,14-Jun-18,New York,Buffalo,Marigold Ave,1,4,5
70212,14-Jun-18,California,Tracy,West 6th Street,1,4,5
70216,11-Jun-18,Florida,Orlando,4932 Eaglesmere Dr,5,1,6
70218,10-Jun-18,California,Valley Village,12719 Tiara St,0,6,6
70219,10-Jun-18,Indiana,Indianapolis (Lawrence),4745 N Richardt Ave,1,4,5
70220,10-Jun-18,Illinois,Aurora,300 block of W Park Ave,0,7,7
70221,10-Jun-18,Florida,Bradenton,5627 14th St W,1,5,6
70222,10-Jun-18,Illinois,Chicago,6400 block of S Eberhart Ave,1,5,6
70225,9-Jun-18,Pennsylvania,Philadelphia,2000 block of 20th St,1,4,5
70227,3-Jun-18,Texas,Dallas,4500 Spring Ave,0,5,5
70229,2-Jun-18,Nebraska,Omaha,S 11th St and Farnam St,1,6,7
70230,2-Jun-18,New York,Buffalo,Strauss Street,0,5,5
70231,31-May-18,South Carolina,Timmonsville,544 Chaney Grove Rd,3,2,5
70236,20-May-18,Mississippi,Hazlehurst,513 Monticello St,1,7,8
70237,18-May-18,Texas,Santa Fe,16000 Hwy 6,10,13,23
70238,16-May-18,Texas,Ponder,610 Lone Star Park Ln,5,1,6
70241,13-May-18,California,Stockton,2436 Belleview St,3,2,5
70243,12-May-18,Nebraska,Omaha,3201 Decatur St,0,6,6
70246,11-May-18,Oklahoma,Talihina,2nd St and Dallas St,1,4,5
70249,7-May-18,California,San Diego,15th St and J St,0,5,5
70250,6-May-18,Tennessee,Memphis,499 North Watkins,2,4,6
70252,5-May-18,Georgia,Columbus,4944 Sentry Street,0,5,5
70255,2-May-18,Illinois,Chicago,3500 block of W Grenshaw St,1,4,5
70256,2-May-18,Minnesota,Minneapolis,2400 block of Ogema Place,0,5,5
70257,2-May-18,New York,Brooklyn,333 Bristol St,1,4,5
70258,1-May-18,Louisiana,New Orleans,3200 block of Saint Claude Ave,0,5,5
70265,28-Apr-18,North Carolina,Maxton,Modest Rd,0,5,5
70269,22-Apr-18,Tennessee,Antioch,3571 Murfreesboro Pike,4,3,7
70270,22-Apr-18,Louisiana,New Orleans,1900 block of St Roch Ave,1,5,6
70272,20-Apr-18,California,San Francisco,3rd Street and Quesada Ave,1,5,6
70273,18-Apr-18,North Carolina,Asheville,73 Hansel Ave,4,3,7
70274,15-Apr-18,Louisiana,Shreveport,6956 Jewella Ave,0,6,6
70282,1-Apr-18,Alabama,Mobile,3556 Halls Mill Rd,1,4,5
70283,1-Apr-18,Michigan,Saginaw,600 block of Yale St,0,5,5
70284,31-Mar-18,New Jersey,Asbury Park,Atlantic Ave and Monmouth Ave,0,5,5
70288,21-Mar-18,California,San Francisco,949 Geneva Ave,1,5,6
70289,17-Mar-18,Kentucky,Louisville,2928 W Kentucky St,0,7,7
70294,11-Mar-18,Indiana,South Bend,800 block of E Dayton St,0,6,6
70295,11-Mar-18,Michigan,Saginaw,Cumberland Ave and Hess St,1,4,5
70298,4-Mar-18,Illinois,Rockford,426 Howard Ave,1,4,5
70302,26-Feb-18,Michigan,Detroit,22700 Fenkell Ave,5,0,5
70304,18-Feb-18,Texas,San Antonio,2893 Cinema Ridge,0,5,5
70305,17-Feb-18,Kansas,Kansas City,1615 Minnesota,1,7,8
70306,17-Feb-18,Tennessee,Memphis,3188 N Watkins Ave,0,5,5
70308,14-Feb-18,Florida,Pompano Beach (Parkland),5901 Pine Island Rd,17,17,34
70309,13-Feb-18,Louisiana,New Orleans,5400 block of Andry St,2,3,5
70310,11-Feb-18,Michigan,Detroit,19432 Lamont St,4,3,7
70311,10-Feb-18,Kentucky,Paintsville,413 Mill St,5,0,5
70312,7-Feb-18,Florida,Lake Worth (Lantana),I-95 and Lantana Ave,3,3,6
70313,5-Feb-18,Colorado,Colorado Springs,4225 Galley Rd,2,4,6
70314,3-Feb-18,Ohio,Cleveland (Garfield Heights),11321 Broadway Ave,1,5,6
70316,28-Jan-18,Indiana,Indianapolis,1313 N Sherman Dr,2,3,5
70318,28-Jan-18,Pennsylvania,Melcroft,1301 Indian Creek Valley Rd,5,0,5
70320,27-Jan-18,California,Los Angeles,243 East 119th St,0,5,5
70322,23-Jan-18,Kentucky,Benton,416 High School Rd,2,14,16
70327,15-Jan-18,Florida,Alachua,14223 NW 156th Pl,0,5,5
70328,14-Jan-18,Alabama,Eutaw,809 Mesopotamia St,1,4,5
70330,12-Jan-18,Tennessee,Nashville,2614 Jenkins Ct,3,2,5
70332,7-Jan-18,Alabama,Union Springs,US-29,1,5,6
70334,5-Jan-18,Mississippi,Hattiesburg,6168 US 49,0,6,6
80001,2-Sep-19,Alabama,Elkmont,25019 Ridge Road,5,0,5
80005,1-Sep-19,Alabama,Valley,502 Boulevard,0,7,7
80007,31-Aug-19,Illinois,Chicago,7100 block of S Paulina St,2,3,5
80011,31-Aug-19,Texas,Odessa,8250 TX-191,8,23,31
80015,30-Aug-19,Alabama,Mobile,1621 Virginia St,0,6,6
80018,25-Aug-19,New Mexico,Hobbs,1700 block of East Bond St,3,4,7
80020,24-Aug-19,Maryland,Temple Hills (Camp Springs),6200 block of Maxwell Dr,0,7,7
80021,23-Aug-19,Texas,Houston,4900 block of Southwind St,3,2,5
80028,17-Aug-19,Texas,Houston,12500 block of Mylla St,0,6,6
80029,15-Aug-19,Pennsylvania,Philadelphia,5800 block of N 15th St,0,5,5
80030,15-Aug-19,Alabama,Montgomery,847 N University Dr,2,3,5
80031,14-Aug-19,Pennsylvania,Philadelphia,3716 N 15th St,0,6,6
80032,13-Aug-19,Washington,Tacoma,E 38th St and E Roosevelt Ave,2,3,5
80034,11-Aug-19,Illinois,Chicago,3500 block of W Lake St,0,6,6
80040,4-Aug-19,Illinois,Chicago,1800 S Kildare Ave,1,7,8
80042,4-Aug-19,Ohio,Dayton,419 E 5th St,10,17,27
80043,4-Aug-19,Illinois,Chicago,2900 block of W Roosevelt Rd,0,7,7
80044,3-Aug-19,Texas,El Paso,7101 Gateway Blvd,22,24,46
80045,2-Aug-19,Virginia,Suffolk,200 block of N Broad St,2,3,5
80046,30-Jul-19,Ohio,Columbus,1280 E Long St,0,5,5
80047,28-Jul-19,California,Gilroy,7050 Miller Ave,4,17,21
80048,28-Jul-19,Pennsylvania,Philadelphia,2600 block of Carroll St,1,5,6
80049,28-Jul-19,Wisconsin,Chippewa Falls (Lafayette),16964 54th Ave,6,2,8
80053,27-Jul-19,New York,Brooklyn,1555 Linden Blvd,1,11,12
80055,25-Jul-19,California,Canoga Park,21901 Roscoe Boulevard,4,2,6
80060,20-Jul-19,Illinois,Chicago,2401 N Lake Shore Dr,0,7,7
80066,13-Jul-19,Illinois,Chicago,7900 block of S Loomis Blvd,1,4,5
80067,13-Jul-19,Pennsylvania,Philadelphia,5433 Lansdowne Ave,0,7,7
80070,7-Jul-19,Michigan,Flint,Clio Rd and Myrtle St,0,6,6
80071,7-Jul-19,Missouri,Saint Louis,N Tucker Blvd and Convention Plaza,0,5,5
80076,6-Jul-19,Missouri,Saint Louis,1921 Chambers Rd,5,0,5
80077,5-Jul-19,Massachusetts,Boston,Maple St,0,6,6
80078,5-Jul-19,Illinois,Chicago,1600 block of E 67th St,0,5,5
80085,3-Jul-19,Texas,Katy,5507 Everhart Manor Ln,2,3,5
80089,30-Jun-19,California,Yucaipa,12700 block of California St,0,5,5
80091,30-Jun-19,New York,Bay Shore,Farragut Ave,0,6,6
80094,29-Jun-19,Illinois,Chicago,2400 block of W Jackson Blvd,0,5,5
80095,29-Jun-19,Louisiana,Baton Rouge,7132 Florida Blvd,0,7,7
80097,28-Jun-19,Connecticut,Hamden,937 Choate Ave,0,5,5
80098,28-Jun-19,Georgia,Atlanta,Ira St and Bass St SW,0,7,7
80100,28-Jun-19,Minnesota,Saint Paul,909 Desoto St,0,5,5
80101,27-Jun-19,Georgia,Atlanta,600 block of Parkway Dr,0,7,7
80104,23-Jun-19,California,San Jose,568 Habbitts Court,5,0,5
80105,23-Jun-19,Indiana,South Bend,1150 E Mishawaka Ave,1,10,11
80106,23-Jun-19,Ohio,Columbus,1767 Genessee Ave,0,5,5
80111,22-Jun-19,Maryland,Baltimore,800 block of N Port St,1,4,5
80114,21-Jun-19,California,Santa Maria,519  West Taylor St,5,0,5
80115,21-Jun-19,California,Richmond,700 block of 14th St,0,5,5
80116,20-Jun-19,Pennsylvania,Allentown,343 Hamilton St,0,10,10
80117,18-Jun-19,New Jersey,Newark,700 block of Dr Martin Luther King Jr Blvd,1,4,5
80119,17-Jun-19,Tennessee,Memphis,2872 Coach Dr,0,5,5
80120,16-Jun-19,Pennsylvania,Philadelphia,2910 S 70th St,1,5,6
80121,16-Jun-19,Kentucky,Louisville,Dixie Highway and Ormsby Ave,1,6,7
80122,16-Jun-19,Iowa,Des Moines,1200 block of Sampson St,0,6,6
80130,8-Jun-19,Washington,White Swan,5151 Medicine Valley Rd,5,2,7
80132,7-Jun-19,Texas,Austin,8220 TX-71,0,5,5
80135,1-Jun-19,South Carolina,Allendale,473 Main St S,0,5,5
80139,1-Jun-19,Georgia,Atlanta,12 Broad Street,0,5,5
80140,1-Jun-19,Georgia,Macon,Suzanne Dr and Robinson Dr,2,4,6
80142,31-May-19,Virginia,Virginia Beach,2405 Courthouse Drive,13,4,17
80143,30-May-19,Illinois,Robbins,14000 block of Grace Ave,0,5,5
80144,29-May-19,Texas,Cleveland,26311 TX-321,3,2,5
80147,27-May-19,District of Columbia,Washington,1200 block of Sumner Rd SE,0,5,5
80148,27-May-19,New Jersey,Trenton,100 block of Walnut St,1,5,6
80150,26-May-19,Virginia,La Crosse,800 block of Alvis Road,0,5,5
80152,25-May-19,New Jersey,Trenton,225 Brunswick Ave,0,9,9
80153,25-May-19,Michigan,Detroit,3400 block of Devonshire,3,2,5
80154,25-May-19,Virginia,Chesapeake,Holly Cove Dr and Schooner Trail,1,9,10
80156,25-May-19,Oklahoma,Oklahoma City,N Kelley Ave and NE 26th St,0,5,5
80158,20-May-19,Louisiana,Alexandria,1900 block of Bacon Street,1,4,5
80160,19-May-19,Oregon,Portland,226 SE Madison St,0,5,5
80161,18-May-19,Mississippi,Cascilla,700 Leverette Ln,1,4,5
80162,18-May-19,Alabama,Atmore,100 Martin Luther King Avenue,1,8,9
80163,18-May-19,Indiana,Muncie,2410 W. Euclid Ave,1,6,7
80164,18-May-19,California,Long Beach,1616 West Pacific Coast Highway,1,4,5
80167,18-May-19,North Carolina,Winston Salem (Winston-salem),4252 Cody Drive,2,4,6
80173,13-May-19,Missouri,Saint Louis,4047 Shreve Ave,4,1,5
80175,10-May-19,Pennsylvania,Philadelphia,1900 block of N Croskey St,0,5,5
80176,10-May-19,Missouri,Saint Louis,4000 block of Ashland Ave,0,6,6
80178,7-May-19,Colorado,Littleton (Highlands Ranch),8773 S Ridgeline Blvd,1,8,9
80179,5-May-19,New Jersey,North Bergen,2033 45th Street,1,4,5
80180,5-May-19,California,Oceano,1001 Cabrillo Hwy,0,6,6
80181,4-May-19,Missouri,Saint Louis,Union Blvd and Northland Ave,1,4,5
80183,4-May-19,California,Stockton,5105 Holiday Dr,1,4,5
80186,3-May-19,Maryland,Baltimore,1900 block of Ramsay St,0,5,5
80189,30-Apr-19,North Carolina,Charlotte,9214 South Library Ln,2,4,6
80190,28-Apr-19,Tennessee,Nashville,1407 Dr DB Todd Jr Blvd,0,7,7
80192,28-Apr-19,Maryland,Baltimore,2544 Edmondson Ave,1,7,8
80196,27-Apr-19,California,Los Angeles,700 N San Fernando Rd,0,6,6
80198,20-Apr-19,Tennessee,Memphis,761 Chestnut Ave,0,5,5
80209,11-Apr-19,Arizona,Phoenix,7112 W Minnezona Ave,3,2,5
80210,11-Apr-19,California,Los Angeles,E 103rd St and S Main St,1,4,5
80213,7-Apr-19,North Carolina,Winston Salem (Winston-salem),515 N Cherry St,0,7,7
80214,7-Apr-19,Delaware,Wilmington,940 N Pine St,0,6,6
80217,6-Apr-19,Illinois,Chicago,6300 block of S Seeley Ave,0,6,6
80219,4-Apr-19,Georgia,Stockbridge,300 block of Eagle Ct,3,2,5
80221,2-Apr-19,Kentucky,Covington,300 block of 13th St,0,5,5
80222,31-Mar-19,Illinois,Chicago,500 block of N Hamlin Ave,1,4,5
80223,31-Mar-19,Georgia,Atlanta,3041 Landrum Dr SW,1,4,5
80224,31-Mar-19,South Carolina,North Charleston,1900 block of Jacksonville Rd,0,7,7
80226,25-Mar-19,Nevada,North Las Vegas,2400 block of W San Miguel St,0,5,5
80227,24-Mar-19,California,San Francisco,1300 Fillmore St,1,5,6
80228,24-Mar-19,Arizona,Phoenix,2202 W McDowell Rd,0,7,7
80229,19-Mar-19,Arizona,Phoenix,8526 N 27th Ave,2,4,6
80234,15-Mar-19,Alabama,Mobile,515 Dauphin Island Pkwy,2,4,6
80238,10-Mar-19,Colorado,Denver,15th St and Market St,1,4,5
80240,3-Mar-19,Illinois,Chicago,2900 block of E 79th St,0,6,6
80241,2-Mar-19,Arkansas,Pine Bluff,723 East 25th Ave,1,4,5
80244,21-Feb-19,Maryland,Baltimore,500 block of Bloom St,1,4,5
80249,17-Feb-19,Indiana,Evansville,664 E Illinois St,0,5,5
80250,17-Feb-19,Louisiana,New Orleans,Tulane Ave and Elk Pl,1,5,6
80251,16-Feb-19,Mississippi,Clinton,1214 Foxhill Dr,5,0,5
80252,15-Feb-19,Illinois,Aurora,641 Archer Ave,6,6,12
80253,11-Feb-19,Texas,Livingston,3628 FM 3126,5,0,5
80257,4-Feb-19,District of Columbia,Washington,2341 Pennsylvania Ave SE,0,5,5
80260,3-Feb-19,Illinois,Chicago,938 E 75th St,2,5,7
80262,28-Jan-19,Texas,Houston,7815 Harding St,2,5,7
80263,27-Jan-19,Alabama,Birmingham,Avenue O and Warrior Rd,0,5,5
80265,26-Jan-19,Indiana,Indianapolis,2957 N Sherman Dr,0,5,5
80267,26-Jan-19,Louisiana,Gonzales,42350 Church Point Rd,5,0,5
80268,24-Jan-19,Pennsylvania,State College,1450 S Atherton St,4,1,5
80269,24-Jan-19,Georgia,Rockmart,319 Williamson St,4,1,5
80270,23-Jan-19,Florida,Sebring,1901 US 27 S,5,0,5
80273,19-Jan-19,Texas,Houston,7041 Sherman St,3,2,5
80274,19-Jan-19,South Carolina,Gaffney,1435 Wilcox Ave,1,4,5
80276,19-Jan-19,Florida,Jacksonville,11445 Brian Lakes Drive,3,2,5
80278,16-Jan-19,Florida,Jacksonville,Emerson St and Spring Park Rd,1,5,6
80280,15-Jan-19,Arkansas,Little Rock,5420 Baseline Rd,1,4,5
80281,13-Jan-19,Arizona,Phoenix,2445 E Van Buren St,1,5,6
80283,4-Jan-19,Virginia,Hurt,3197 Shula Dr,3,2,5
80284,4-Jan-19,California,Torrance,22501 Hawthorne Blvd,3,4,7
80287,1-Jan-19,South Carolina,Columbia,1709 Decker Blvd,0,5,5
80288,1-Jan-19,Florida,Tallahassee,2020 W Pensacola St,0,5,5
95500,12-Jan-14,Louisiana,Tallulah,3600 block of Highway 80 W,0,6,6
95550,12-Jan-14,Alabama,Huntsville,University Drive,0,5,5
95579,12-Jan-14,Illinois,Elgin,300 block of North Street,0,5,5
97365,16-Jan-14,Utah,Spanish Fork,37 N. 630 West,5,0,5
97407,16-Jan-14,Oklahoma,Ardmore,H St NE and Martin Luther King Blvd,2,5,7
98836,21-Jan-14,New Jersey,Newark,Springfield Avenue ,2,3,5
100434,25-Jan-14,Illinois,Chicago,S Union Ave and W 51st St,1,4,5
103698,3-Feb-14,Indiana,Franklin,2100 block of Bridlewood Dr,3,2,5
104721,7-Feb-14,Florida,Miami,Northwest 41st Street and 9th Avenue ,0,5,5
106394,12-Feb-14,Indiana,Gary,2220 block of Broadway,0,5,5
107403,15-Feb-14,Nevada,Las Vegas,Sahara and Maryland ,0,5,5
107417,16-Feb-14,Florida,Orlando (Pine Hills),4500 block of Charlene Terrace,1,6,7
107433,16-Feb-14,Florida,Jacksonville,1187 S. Edgewood Ave.,1,4,5
107519,16-Feb-14,Texas,Dallas,2600 block of South Harwood Street,1,7,8
107673,16-Feb-14,Indiana,Fort Wayne,Lafayette Street and East Tillman Road,0,5,5
108649,20-Feb-14,California,Alturas,300 W 1st St,4,2,6
108659,16-Feb-14,Texas,Fort Worth, 115 NW 25th St.,1,4,5
109957,25-Feb-14,Virginia,Glade Spring,Graceland Lane,5,1,6
111095,1-Mar-14,Pennsylvania,Pittsburgh,Hamilton Avenue,1,4,5
112415,5-Mar-14,South Carolina,Pelzer,Law Street,3,2,5
113214,8-Mar-14,Illinois,Chicago,4900 West Race Ave,0,6,6
113247,9-Mar-14,Texas,Austin, 4900 block of West Race Avenue,0,6,6
113665,27-Jan-14,Washington,Seattle,2nd Avenue South and South Main Street,1,4,5
117914,23-Mar-14,California,San Francisco,Turk and Taylor,0,7,7
120303,30-Mar-14,North Carolina,Charlotte,4300 Sunset Road,0,5,5
120621,30-Mar-14,Mississippi,Starkville,,0,5,5
121031,2-Apr-14,Texas,Fort Hood,Motor Pool Road and Tank Destroyer Boulevard,4,16,20
122136,5-Apr-14,Illinois,Chicago,4300 W Wilcox Street,1,5,6
127045,20-Apr-14,Illinois,Montgomery,1300 block of Jackson St,0,6,6
127413,20-Apr-14,Illinois,Chicago,6600 South Michigan Ave,0,5,5
128871,25-Apr-14,Tennessee,Memphis,2000 Chelsea Avenue,2,3,5
129730,27-Apr-14,New York,Troy,Fourth Street,0,5,5
130232,29-Apr-14,Georgia,Kennesaw,1675 Airport Road,1,6,7
131998,3-May-14,Arkansas,Jonesboro,2201 Moore Rd,4,4,8
134052,10-May-14,Georgia,Decatur,Shamrock Dr,2,3,5
134238,11-May-14,Tennessee,Memphis,2517 Shasta,0,7,7
134823,13-May-14,Georgia,Atlanta,Panther Trail and Childress Drive,0,5,5
135904,18-May-14,Ohio,Sandusky,1643 Cleveland Rd,0,7,7
136163,17-May-14,District of Columbia,Washington,2200 block of Adams Place NE,0,5,5
138282,23-May-14,California,Goleta (Isla Vista),840 Embarcadero Del Norte,4,8,12
140185,23-May-14,Louisiana,New Orleans,6200 block of Eads Street,1,7,8
141382,1-Jun-14,Illinois,Chicago,West Ferdinand Street and North Lavergne Avenue ,1,5,6
142076,2-Jun-14,Illinois,Chicago,2660 E. 79th St,0,7,7
142818,3-Jun-14,Georgia,Atlanta,Auburn Avenue,1,4,5
143723,7-Jun-14,South Carolina,Moncks Corner,Tish Lane,1,5,6
144565,8-Jun-14,Alabama,Opp,611 Hardin Street,1,4,5
150299,24-Jun-14,Florida,Miami,Northwest 12th Avenue and 65th Street,2,7,9
150344,21-Jun-14,Tennessee,Memphis,2119 East Alcy Road,0,5,5
151475,25-Jun-14,Massachusetts,Lowell,Midland Street,0,5,5
151659,26-Jun-14,Wisconsin,Milwaukee,24th and Locust,0,5,5
152468,29-Jun-14,Louisiana,New Orleans,700 block of Bourbon St,1,9,10
152693,29-Jun-14,California,Los Angeles,1100 block of North Vermont Avenue,1,5,6
152960,28-Jun-14,California,Antioch,5500 Cedar Point Way,0,7,7
154721,5-Jul-14,Indiana,Indianapolis,Broad Ripple Avenue,0,7,7
154803,5-Jul-14,Texas,Houston,1700 Almeda-Genoa,0,6,6
154834,5-Jul-14,Virginia,Norfolk,861 W. 36th Street,0,7,7
154844,4-Jul-14,Virginia,Norfolk,1722 Thurgood Street,0,5,5
154971,5-Jul-14,Oregon,Portland,333 SE 122ND Ave,1,4,5
155943,7-Jul-14,California,San Bernardino,312  E Baseline Street ,1,4,5
156245,9-Jun-14,New Jersey,Paterson,Rosa Parks Boulevard and Godwin Avenue,0,6,6
156468,8-Jul-14,Rhode Island,Providence,35 March Street,0,5,5
156670,9-Jul-14,Texas,Spring,711 Leaflet Ln,6,1,7
156823,10-May-14,California,Sacramento,3031 Guadalajara Way,1,6,7
156834,2-Jul-14,Pennsylvania,Chester,1400 block of West Congress Street,0,5,5
157857,12-Jul-14,California,Pasadena,1700 block of Summit Avenue,3,2,5
158055,5-Jul-14,Illinois,Centreville,4700 Piggott Avenue,0,5,5
158306,13-Jul-14,Washington,Skyway,12600 Renton Avenue South ,0,5,5
158387,14-Jul-14,California,Sacramento,Fulton Avenue ,1,4,5
158589,13-Jul-14,Connecticut,Stamford,84 West Park Place,0,5,5
161302,21-Jul-14,New Jersey,Irvington,36 Welland Avenue,0,6,6
163874,25-Jul-14,Illinois,Chicago,700 South California Avenue,1,6,7
163930,26-Jul-14,Georgia,Sylvester,Royal Street,0,8,8
164513,26-Jul-14,Maine,Saco,35 Water Street,5,0,5
165089,27-Jul-14,Missouri,Saint Louis,2000 block of East John Avenue,0,5,5
165856,28-Jul-14,Pennsylvania,Philadelphia,4900 block of North Front Street,1,4,5
168169,2-Aug-14,Massachusetts,New Bedford,Acushnet Avenue,0,7,7
168307,2-Aug-14,Pennsylvania,Pittsburgh,Penn Avenue and 29th Street,1,5,6
168551,3-Aug-14,Texas,Humble,3403 FM 1960,0,7,7
168786,3-Aug-14,Missouri,Saint Louis,5200 block of Thekla ,0,5,5
168844,3-Aug-14,Virginia,Culpeper,4400 block of Rixeyville Road,5,0,5
169024,3-Aug-14,Tennessee,Columbia,East 9th Street and Bridge Street,0,5,5
169326,4-Aug-14,Georgia,Atlanta,1100 block of Joseph E. Boone Boulevard NW,0,5,5
171802,9-Aug-14,Minnesota,Minneapolis,400 3rd Ave N,1,8,9
172180,10-Aug-14,California,Moreno Valley,16300 block of Heather Glen Road ,0,7,7
172205,10-Aug-14,District of Columbia,Washington,50 block of N St SW,0,6,6
172288,10-Aug-14,Georgia,Wrightsville,2455 Idylwild Dr,0,6,6
172304,10-Aug-14,Louisiana,New Orleans,5400 block of Burgundy St,2,5,7
173628,12-Aug-14,Georgia,Cartersville,Brent Cir,2,3,5
175788,16-Aug-14,Utah,Salt Lake City,122 Pierpont Avenue,0,6,6
176329,30-Jul-14,North Carolina,Hope Mills,926 Bramblegate Rd,2,3,5
178425,20-Aug-14,Tennessee,Memphis,1400 block of Briarcrest Lane,0,5,5
180007,24-Aug-14,California,San Fernando,1400 block of Celis Street ,3,4,7
183432,31-Aug-14,California,Livermore,200 block of South Q Street ,0,5,5
184507,2-Sep-14,California,Highland,25000 block of Fifth Street ,0,5,5
185196,2-Sep-14,Mississippi,Jackson,3622 Medgar Evers Boulevard,2,3,5
185393,4-Sep-14,Michigan,Flint,2400 block of Martin Luther King Boulevard,0,5,5
185430,3-Sep-14,California,Los Angeles,East 27th and Stanford ,0,6,6
186488,6-Sep-14,Georgia,Macon,576 Poplar Street,0,5,5
189562,11-Sep-14,Michigan,Detroit,14000 block of Patton,1,7,8
190599,14-Sep-14,Alaska,Anchorage,225 E Fifth,0,6,6
191416,15-Sep-14,Louisiana,New Orleans,Chef Menteur Highway and Dale Street,0,5,5
192851,18-Sep-14,Florida,Bell,NW 30th Street and NW 39th Terrace,8,0,8
197287,27-Sep-14,Missouri,Saint Louis,2000 block East John Avenue,0,5,5
197384,28-Sep-14,Florida,Miami,NW 7th Ave and NW 64th Street,0,15,15
198051,29-Sep-14,South Carolina,Walterboro,29 Sandy Dam Lane,1,7,8
198064,26-Sep-14,South Carolina,Darlington County,600 block of Turner Road,1,4,5
201052,5-Oct-14,Michigan,Detroit,East 7 Mile Road and Sherwood Street,1,5,6
204236,11-Oct-14,New York,Utica,222 Bleecker Street,0,5,5
205726,14-Oct-14,Georgia,Peachtree Corners,6505 Bannor Lane,3,2,5
210363,24-Oct-14,Washington,Marysville,5611 108th St NE,5,1,6
212884,29-Oct-14,Tennessee,Memphis,Yale Road and Ramill Road,0,5,5
217831,8-Nov-14,California,Pomona,499 E. Arrow Highway,0,5,5
221554,16-Nov-14,Ohio,Akron,1891 E Market St,1,4,5
223582,21-Nov-14,Pennsylvania,Pittsburgh,600 block of Miller Avenue,0,6,6
223651,22-Nov-14,Ohio,Cleveland,1443 E 92nd St,4,1,5
223799,22-Nov-14,South Dakota,Sisseton,Fourth Avenue,4,1,5
224131,23-Nov-14,Colorado,Denver,Federal Boulevard and 16th Avenue,1,4,5
224746,16-Nov-14,Texas,El Paso,115 S. Durango,0,6,6
225036,26-Nov-14,California,San Francisco,Mission and 13th streets,0,6,6
225903,29-Nov-14,Georgia,Atlanta,1600 block of Richmond Avenue,3,2,5
226018,27-Nov-14,Texas,Georgetown,Pvt Rd 934,2,3,5
226534,30-Nov-14,Tennessee,Chattanooga,2412 East 13th Street ,0,5,5
226983,2-Dec-14,Virginia,Newport News,6128 Jefferson Ave ,0,5,5
227011,2-Dec-14,Missouri,Saint Louis,6000 block of Virginia Avenue,1,5,6
263376,14-Dec-14,Florida,Miami,1311 Northwest 2nd Avenue,1,4,5
263382,13-Dec-14,Florida,Tampa,810 E. Skagway Ave.,0,5,5
263556,15-Dec-14,Pennsylvania,Lansdale,100 block of West 5th St,7,0,7
266424,21-Dec-14,Illinois,Calumet City,600 block of Escanba,1,8,9
267721,22-Dec-14,Illinois,Chicago,5700 block of South Green Street,0,5,5
268910,21-Dec-14,Mississippi,Waynesboro,Central Avenue,1,4,5
272016,1-Jan-15,Tennessee,Memphis,Interstate 240 and Poplar Avenue,0,5,5
273535,4-Jan-15,Virginia,Roanoke,3634 Shenandoah Ave NW,2,4,6
273965,2-Jan-15,Georgia,Savannah,500 block of W. 54th Street,1,4,5
276766,11-Jan-15,California,San Jose,3840 Monterey Hwy,0,5,5
276845,11-Jan-15,North Carolina,Hope Mills,1900 block of Gumberry Road,2,5,7
281039,19-Jan-15,Texas,San Antonio,1000 block of Gibbs St.,2,5,7
282186,22-Dec-14,New York,Webster,191 Lake Road,4,2,6
282956,24-Jan-15,New York,Arverne (Queens),231-11 148th Avenue,4,1,5
283041,24-Jan-15,Nebraska,Omaha,3402 Parker St,3,5,8
283115,23-Jan-15,Massachusetts,Boston,954 Parker Street,0,6,6
287031,1-Feb-15,New York,New York (Manhattan),3345 Broadway,1,4,5
287529,1-Feb-15,New York,Syracuse,1217 West Fayette Street,0,6,6
289146,5-Feb-15,Ohio,Beachwood (Warrensville Heights),Harvard Road,3,3,6
289811,7-Feb-15,Georgia,Douglasville,3640 Willow Tree Circle,5,2,7
290098,6-Feb-15,Oklahoma,Tulsa,1219 N. Sheridan Road,1,4,5
290510,8-Feb-15,Tennessee,Friendship,251 Dupree Rd,0,6,6
293883,15-Feb-15,California,Long Beach,200 block of W. 14th Street,0,5,5
296121,22-Feb-15,Georgia,Clarkesville,281 Lower Pond Court,3,2,5
296215,22-Feb-15,Texas,Killeen,1706 Godman St.,4,1,5
298122,26-Feb-15,Missouri,Tyrone,18279 Highway H,8,1,9
298773,13-Jan-15,Virginia,Portsmouth,4100 block of Portsmouth Boulevard,0,5,5
299344,1-Mar-15,Michigan,Detroit,9855 Chalmers St,1,5,6
300860,4-Mar-15,California,San Bernardino,190 block of W Club Center Dr,3,4,7
304238,10-Mar-15,Georgia,Columbus,3023 Victory Drive,0,5,5
305907,13-Mar-15,Mississippi,Brookhaven,1097 South First St.,2,3,5
306897,14-Mar-15,Georgia,Atlanta,2900 block of Delmar Lane,0,5,5
308687,17-Mar-15,California,Stockton,748 N Madison St,3,4,7
308728,18-Mar-15,Arizona,Mesa,1504 West Main Street,1,5,6
311348,22-Mar-15,New Mexico,Albuquerque,10140 Lomas NE,1,6,7
311922,23-Mar-15,Tennessee,Clarksville,900 block of Carpenter Street,1,4,5
314044,27-Mar-15,Florida,Panama City Beach,5312 Thomas Drive,0,7,7
316795,2-Apr-15,Maryland,Baltimore,1900 block of West Lanvale Street,0,5,5
318221,5-Apr-15,Kentucky,Louisville,40th and Grand Street,1,4,5
318297,5-Apr-15,Indiana,Indianapolis,5000 block of Wildflower Court,0,5,5
324424,16-Apr-15,Arizona,Phoenix,4300 block of East Anderson Drive,5,0,5
325445,18-Apr-15,Pennsylvania,Williamsport,321 Pine St,0,5,5
326792,21-Apr-15,Texas,Killeen,420 Gilmer St,2,3,5
327341,18-Apr-15,Alabama,Montgomery,1800 block of Gibbs Court,0,5,5
329322,25-Apr-15,New York,Gates,24 Hinchey Rd,1,6,7
330611,27-Apr-15,New York,Brooklyn,1365 Flatbush Ave,2,4,6
332732,1-May-15,Wisconsin,Milwaukee,3700 block of 37th Street,2,3,5
333576,3-May-15,Ohio,Dayton,2801 Germantown Street,1,6,7
333584,3-May-15,Texas,Houston,San Jacinto at Elgin,0,6,6
333750,3-May-15,Wisconsin,Menasha,Friendship Trail,4,1,5
337855,10-May-15,Ohio,Cleveland,3600 block of Bosworth Rd,1,4,5
339229,12-May-15,Arizona,Tucson,800 block of West Calle Medina Road,5,0,5
340280,12-May-15,Maryland,Capitol Heights,4700 block of Pard Rd,1,4,5
341232,16-May-15,Maryland,Baltimore,1700 block of North Broadway,0,5,5
341465,16-May-15,Wisconsin,Milwaukee,28th Street and Auer Avenue,0,5,5
341622,17-May-15,Texas,Waco,4671 S Jack Kultgen Fwy,9,18,27
342589,18-May-15,Florida,Miami,Northwest 75th Street and Northwest 16th Avenue,1,4,5
345681,24-May-15,Massachusetts,Brockton,1002 Main St,0,5,5
345749,24-May-15,Michigan,Flint,W. 12th Street and Hammerberg Road.,0,7,7
346097,25-May-15,Illinois,Decatur,1816 N Water,1,4,5
348620,28-May-15,Illinois,Chicago,6200 block of South Honore Street,0,5,5
349976,31-May-15,Connecticut,New Haven,849 Chapel Street,0,5,5
350182,31-May-15,Georgia,Conyers,4669 Bell Road SE,3,2,5
353037,6-Jun-15,Illinois,Chicago,100 block of North Lorel Avenue,0,5,5
353382,5-Jun-15,Iowa,Davenport,900 block of West 3rd St,0,5,5
353536,6-Jun-15,New York,Buffalo,100 block of Warren Avenue,1,4,5
353854,7-Jun-15,Montana,Deer Lodge,Boulder Creek Road,5,0,5
356065,11-Jun-15,Connecticut,Bridgeport,468 Trumbull Ave,1,8,9
357164,13-Jun-15,Ohio,Columbus,1623 E. Hudson Street,4,1,5
357701,13-Jun-15,New York,Bronx,2409 Creston Avenue,0,5,5
357732,13-Jun-15,Georgia,Fayetteville,600 block of Highway 279,1,4,5
359830,17-Jun-15,South Carolina,Charleston,110 Calhoun Street,9,0,9
361198,20-Jun-15,Pennsylvania,Philadelphia,4100 block of Ogden Street,0,11,11
361212,20-Jun-15,Michigan,Detroit,Dexter and Webb,1,11,12
361708,21-Jun-15,Kentucky,Lexington,726 Georgetown St,1,4,5
361948,22-Jun-15,Pennsylvania,Philadelphia,700 block of East Hilton Street,0,7,7
365391,28-Jun-15,Michigan,Detroit,Gratiot and Loretto,0,5,5
365399,28-Jun-15,Delaware,Harrington,100 block of East St,0,6,6
367099,28-Jun-15,Illinois,Venice,1430 Broadway,0,6,6
368732,5-Jul-15,Indiana,Fort Wayne,1400 block of McCulloch Street,0,9,9
368987,4-Jul-15,Massachusetts,Pittsfield,Dewey Avenue,1,4,5
369014,5-Jul-15,Louisiana,Shreveport,3500 block of Hearne Avenue,0,8,8
373095,12-Jul-15,Illinois,River Forest,116 Lathrop Avenue,2,3,5
373768,13-Jul-15,California,Stockton,400 block of McCloud Avenue,1,4,5
374602,15-Jul-15,Georgia,Atlanta,500 block of Center Hill Avenue,0,5,5
374630,15-Jul-15,South Carolina,Holly Hill,7050 Old State Road,4,1,5
375022,16-Jul-15,Tennessee,Chattanooga,4051 Amnicola Highway,6,2,8
375412,15-Jul-15,Ohio,Cleveland,700 block of Thornhill,0,7,7
375773,16-Jul-15,Texas,Dallas,Singleton and Hampton,0,5,5
376211,17-Jul-15,Illinois,Chicago,4400 block of W. Maypole,0,5,5
376702,18-Jul-15,Oregon,Salem,1550 Weston Ct NE,1,4,5
377047,19-Jul-15,Kentucky,Louisville,2928 W Kentucky St,0,6,6
377878,20-Jul-15,New York,Bronx,E. 153rd St. and the Grand Concourse,0,6,6
379166,22-Jul-15,Georgia,Suwanee,5500 block of Old Atlanta Road,5,0,5
380162,23-Jul-15,Louisiana,Lafayette,3141 Johnson Street,3,9,12
381814,26-Jul-15,Missouri,Kansas City,Thompson and Colorado,2,3,5
382230,22-Jul-15,Missouri,Saint Louis,Fair Ave and Ashland Ave,0,6,6
382413,24-Jul-15,Pennsylvania,Erie,200 block of W 29th St,2,5,7
382459,27-Jul-15,Illinois,Rockford,900 block of Kent Street,0,5,5
385779,2-Aug-15,New York,Brooklyn,Stanley Avenue and Crescent Street,0,9,9
385824,2-Aug-15,Illinois,Chicago,4800 block of West Kamerling Avenue,1,4,5
386066,2-Aug-15,Georgia,Savannah,Barnard Street,0,5,5
386140,2-Aug-15,Maryland,Baltimore,2700 block of Garrison Avenue,0,7,7
387194,3-Aug-15,New York,Brooklyn,98 Dwight Street,0,5,5
389149,4-Aug-15,Missouri,Saint Louis,2500 block of Semple,1,4,5
390526,8-Aug-15,Texas,Houston,2211 Falling Oaks,8,0,8
390774,8-Aug-15,Arkansas,Blytheville,833 Anderson Street,1,11,12
390914,8-Aug-15,North Carolina,Gastonia,4908 Greenwood Drive,2,3,5
390936,18-Jul-15,California,Santa Paula,Ojai-Santa Paula Street,0,5,5
395718,16-Aug-15,South Carolina,Bennettsville,Highway 38N,0,5,5
395844,16-Aug-15,Texas,Fort Worth,3651 Sycamore School Rd,0,6,6
398361,19-Aug-15,New York,Rochester,500 Genesee St,3,4,7
399212,21-Aug-15,North Carolina,Durham,2700 block of Hinson Drive,0,8,8
399367,21-Aug-15,Ohio,Cincinnati,Mathis and Prentice,2,5,7
400091,23-Aug-15,California,Modesto,1100 block of Kansas Avenue,1,7,8
404167,30-Aug-15,Tennessee,Memphis,3300 block of Sobota Circle,1,4,5
404238,29-Aug-15,Tennessee,Bristol,618 Henson Road,3,2,5
409732,7-Sep-15,Indiana,Gary,9300 block of Sunrise,2,4,6
412040,10-Sep-15,Minnesota,Excelsior (Greenwood),Channel Drive,5,0,5
412487,12-Sep-15,New York,Rochester,36 Woodward Street,2,4,6
412529,12-Sep-15,Minnesota,Minneapolis,1st Ave. and N. 5th St.,0,6,6
412557,11-Sep-15,North Carolina,Charlotte,1000 North Carolina Music Factory Blvd.,0,5,5
413001,13-Sep-15,Florida,Ocala,1910 South Pine Avenue,1,5,6
416872,20-Sep-15,Illinois,Chicago,5700 block of South LaSalle,1,5,6
417013,20-Sep-15,Oklahoma,Tulsa,Pine and Yale,0,6,6
418318,17-Sep-15,South Dakota,Geddes,36705 379th Street,6,0,6
419250,23-Sep-15,Louisiana,Shreveport,2900 block of Peach Street,0,5,5
419718,24-Sep-15,Illinois,Chicago,5100 block of South Morgan Street,0,5,5
421014,27-Sep-15,Georgia,Greenville,1140 Hill Haven Road,0,10,10
421650,28-Sep-15,Ohio,Cincinnati (Evanston),1800 block of Hewitt Avenue,0,5,5
422035,28-Sep-15,Illinois,Chicago,5300 block of South Aberdeen Street,2,3,5
422064,28-Sep-15,Illinois,Chicago,300 block of West 42nd Street,3,2,5
423223,1-Oct-15,Oregon,Roseburg,1140 Umpqua College Rd,10,9,19
424224,2-Oct-15,Maryland,Baltimore,5400 Reisterstown Road,1,4,5
426256,6-Oct-15,Maryland,Baltimore,300 block of North Payson Street,0,5,5
428215,10-Oct-15,Tennessee,Memphis,6135 Mount Moriah Road,0,6,6
432466,17-Oct-15,Florida,Fort Myers,2224 First St,1,4,5
433146,19-Oct-15,Illinois,Calumet City,300 Campbell Avenue,0,6,6
436202,25-Oct-15,North Carolina,Four Oaks,2339 Stricklands Crossroads Road,0,5,5
436234,25-Oct-15,Arizona,Phoenix,Seventh Street and Broadway,1,4,5
436240,25-Oct-15,District of Columbia,Washington,4300 block of Wheeler Road SE,0,5,5
437323,26-Oct-15,Indiana,Evansville,711 E Virginia St,0,5,5
437836,27-Oct-15,Texas,Fort Worth,1700 block of Southcrest Drive,0,5,5
441681,3-Nov-15,Florida,Jacksonville,Ella Street and Kings Road,2,3,5
446996,13-Nov-15,Florida,Jacksonville,1300 block of South Shirley Oaks Drive,4,1,5
448419,15-Nov-15,Texas,Tennessee Colony,800 block of An County Rd 2217,5,0,5
449814,18-Nov-15,California,Fresno,California Avenue and Martin Luther King Jr. Boulevard,0,5,5
451305,22-Nov-15,New York,Newburgh,203 Broadway,0,5,5
451495,22-Nov-15,Louisiana,New Orleans,1900 block of Gallier St,0,17,17
452007,23-Nov-15,Ohio,Columbus,90 block of S. Terrace Avenue,4,1,5
452120,23-Nov-15,Minnesota,Minneapolis,Morgan Avenue North,0,5,5
454059,27-Nov-15,Colorado,Colorado Springs,3480 Centennial Blvd,3,9,12
455394,29-Nov-15,Illinois,Kankakee,648 E Court St,0,5,5
456893,2-Dec-15,California,San Bernardino,1365 South Waterman Avenue,16,19,35
460386,6-Dec-15,Nebraska,Omaha,North 108th Street and Military Road,2,3,5
468151,20-Mar-15,Texas,Lancaster,1500 block of Reynolds Street,1,5,6
468787,20-Dec-15,Florida,Miami (Goulds),21630 Southwest 120th Avenue,1,4,5
468968,20-Dec-15,North Carolina,Wilmington,11th and Castle Street,1,4,5
476321,31-Dec-15,Louisiana,New Orleans,1900 block of Amelia Street,0,6,6
